--
-- PostgreSQL database dump
--

\restrict Mo0vHc95WwhVkpeDaKFWPGQCAhAZEYLojWz7yU3MJNFKOuiVn8beITVe0z4Glen

-- Dumped from database version 18.3
-- Dumped by pg_dump version 18.2

-- Started on 2026-05-27 14:30:27

SET statement_timeout = 0;
SET lock_timeout = 0;
SET idle_in_transaction_session_timeout = 0;
SET transaction_timeout = 0;
SET client_encoding = 'UTF8';
SET standard_conforming_strings = on;
SELECT pg_catalog.set_config('search_path', '', false);
SET check_function_bodies = false;
SET xmloption = content;
SET client_min_messages = warning;
SET row_security = off;

--
-- TOC entry 890 (class 1247 OID 16398)
-- Name: estado_pago; Type: TYPE; Schema: public; Owner: postgres
--

CREATE TYPE public.estado_pago AS ENUM (
    'Pendiente',
    'Aprobado',
    'Rechazado'
);


ALTER TYPE public.estado_pago OWNER TO postgres;

--
-- TOC entry 887 (class 1247 OID 16389)
-- Name: estado_pedido; Type: TYPE; Schema: public; Owner: postgres
--

CREATE TYPE public.estado_pedido AS ENUM (
    'Pendiente',
    'En preparación',
    'Entregado',
    'Cancelado'
);


ALTER TYPE public.estado_pedido OWNER TO postgres;

--
-- TOC entry 893 (class 1247 OID 16406)
-- Name: tipo_movimiento; Type: TYPE; Schema: public; Owner: postgres
--

CREATE TYPE public.tipo_movimiento AS ENUM (
    'Entrada',
    'Salida'
);


ALTER TYPE public.tipo_movimiento OWNER TO postgres;

SET default_tablespace = '';

SET default_table_access_method = heap;

--
-- TOC entry 243 (class 1259 OID 16596)
-- Name: auth_group; Type: TABLE; Schema: public; Owner: postgres
--

CREATE TABLE public.auth_group (
    id integer NOT NULL,
    name character varying(150) NOT NULL
);


ALTER TABLE public.auth_group OWNER TO postgres;

--
-- TOC entry 242 (class 1259 OID 16595)
-- Name: auth_group_id_seq; Type: SEQUENCE; Schema: public; Owner: postgres
--

ALTER TABLE public.auth_group ALTER COLUMN id ADD GENERATED BY DEFAULT AS IDENTITY (
    SEQUENCE NAME public.auth_group_id_seq
    START WITH 1
    INCREMENT BY 1
    NO MINVALUE
    NO MAXVALUE
    CACHE 1
);


--
-- TOC entry 245 (class 1259 OID 16606)
-- Name: auth_group_permissions; Type: TABLE; Schema: public; Owner: postgres
--

CREATE TABLE public.auth_group_permissions (
    id bigint NOT NULL,
    group_id integer NOT NULL,
    permission_id integer NOT NULL
);


ALTER TABLE public.auth_group_permissions OWNER TO postgres;

--
-- TOC entry 244 (class 1259 OID 16605)
-- Name: auth_group_permissions_id_seq; Type: SEQUENCE; Schema: public; Owner: postgres
--

ALTER TABLE public.auth_group_permissions ALTER COLUMN id ADD GENERATED BY DEFAULT AS IDENTITY (
    SEQUENCE NAME public.auth_group_permissions_id_seq
    START WITH 1
    INCREMENT BY 1
    NO MINVALUE
    NO MAXVALUE
    CACHE 1
);


--
-- TOC entry 241 (class 1259 OID 16586)
-- Name: auth_permission; Type: TABLE; Schema: public; Owner: postgres
--

CREATE TABLE public.auth_permission (
    id integer NOT NULL,
    name character varying(255) NOT NULL,
    content_type_id integer NOT NULL,
    codename character varying(100) NOT NULL
);


ALTER TABLE public.auth_permission OWNER TO postgres;

--
-- TOC entry 240 (class 1259 OID 16585)
-- Name: auth_permission_id_seq; Type: SEQUENCE; Schema: public; Owner: postgres
--

ALTER TABLE public.auth_permission ALTER COLUMN id ADD GENERATED BY DEFAULT AS IDENTITY (
    SEQUENCE NAME public.auth_permission_id_seq
    START WITH 1
    INCREMENT BY 1
    NO MINVALUE
    NO MAXVALUE
    CACHE 1
);


--
-- TOC entry 247 (class 1259 OID 16615)
-- Name: auth_user; Type: TABLE; Schema: public; Owner: postgres
--

CREATE TABLE public.auth_user (
    id integer NOT NULL,
    password character varying(128) NOT NULL,
    last_login timestamp with time zone,
    is_superuser boolean NOT NULL,
    username character varying(150) NOT NULL,
    first_name character varying(150) NOT NULL,
    last_name character varying(150) NOT NULL,
    email character varying(254) NOT NULL,
    is_staff boolean NOT NULL,
    is_active boolean NOT NULL,
    date_joined timestamp with time zone NOT NULL
);


ALTER TABLE public.auth_user OWNER TO postgres;

--
-- TOC entry 249 (class 1259 OID 16634)
-- Name: auth_user_groups; Type: TABLE; Schema: public; Owner: postgres
--

CREATE TABLE public.auth_user_groups (
    id bigint NOT NULL,
    user_id integer NOT NULL,
    group_id integer NOT NULL
);


ALTER TABLE public.auth_user_groups OWNER TO postgres;

--
-- TOC entry 248 (class 1259 OID 16633)
-- Name: auth_user_groups_id_seq; Type: SEQUENCE; Schema: public; Owner: postgres
--

ALTER TABLE public.auth_user_groups ALTER COLUMN id ADD GENERATED BY DEFAULT AS IDENTITY (
    SEQUENCE NAME public.auth_user_groups_id_seq
    START WITH 1
    INCREMENT BY 1
    NO MINVALUE
    NO MAXVALUE
    CACHE 1
);


--
-- TOC entry 246 (class 1259 OID 16614)
-- Name: auth_user_id_seq; Type: SEQUENCE; Schema: public; Owner: postgres
--

ALTER TABLE public.auth_user ALTER COLUMN id ADD GENERATED BY DEFAULT AS IDENTITY (
    SEQUENCE NAME public.auth_user_id_seq
    START WITH 1
    INCREMENT BY 1
    NO MINVALUE
    NO MAXVALUE
    CACHE 1
);


--
-- TOC entry 251 (class 1259 OID 16643)
-- Name: auth_user_user_permissions; Type: TABLE; Schema: public; Owner: postgres
--

CREATE TABLE public.auth_user_user_permissions (
    id bigint NOT NULL,
    user_id integer NOT NULL,
    permission_id integer NOT NULL
);


ALTER TABLE public.auth_user_user_permissions OWNER TO postgres;

--
-- TOC entry 250 (class 1259 OID 16642)
-- Name: auth_user_user_permissions_id_seq; Type: SEQUENCE; Schema: public; Owner: postgres
--

ALTER TABLE public.auth_user_user_permissions ALTER COLUMN id ADD GENERATED BY DEFAULT AS IDENTITY (
    SEQUENCE NAME public.auth_user_user_permissions_id_seq
    START WITH 1
    INCREMENT BY 1
    NO MINVALUE
    NO MAXVALUE
    CACHE 1
);


--
-- TOC entry 222 (class 1259 OID 16429)
-- Name: categorias; Type: TABLE; Schema: public; Owner: postgres
--

CREATE TABLE public.categorias (
    id_categoria integer NOT NULL,
    nombre_categoria character varying(50) NOT NULL
);


ALTER TABLE public.categorias OWNER TO postgres;

--
-- TOC entry 221 (class 1259 OID 16428)
-- Name: categorias_id_categoria_seq; Type: SEQUENCE; Schema: public; Owner: postgres
--

CREATE SEQUENCE public.categorias_id_categoria_seq
    AS integer
    START WITH 1
    INCREMENT BY 1
    NO MINVALUE
    NO MAXVALUE
    CACHE 1;


ALTER SEQUENCE public.categorias_id_categoria_seq OWNER TO postgres;

--
-- TOC entry 5247 (class 0 OID 0)
-- Dependencies: 221
-- Name: categorias_id_categoria_seq; Type: SEQUENCE OWNED BY; Schema: public; Owner: postgres
--

ALTER SEQUENCE public.categorias_id_categoria_seq OWNED BY public.categorias.id_categoria;


--
-- TOC entry 228 (class 1259 OID 16474)
-- Name: detalle_pedidos; Type: TABLE; Schema: public; Owner: postgres
--

CREATE TABLE public.detalle_pedidos (
    id_detalle integer NOT NULL,
    id_pedido integer,
    id_producto integer,
    cantidad integer NOT NULL,
    subtotal numeric(10,2) NOT NULL,
    comentarios_personalizacion text,
    CONSTRAINT detalle_pedidos_cantidad_check CHECK ((cantidad > 0))
);


ALTER TABLE public.detalle_pedidos OWNER TO postgres;

--
-- TOC entry 227 (class 1259 OID 16473)
-- Name: detalle_pedidos_id_detalle_seq; Type: SEQUENCE; Schema: public; Owner: postgres
--

CREATE SEQUENCE public.detalle_pedidos_id_detalle_seq
    AS integer
    START WITH 1
    INCREMENT BY 1
    NO MINVALUE
    NO MAXVALUE
    CACHE 1;


ALTER SEQUENCE public.detalle_pedidos_id_detalle_seq OWNER TO postgres;

--
-- TOC entry 5248 (class 0 OID 0)
-- Dependencies: 227
-- Name: detalle_pedidos_id_detalle_seq; Type: SEQUENCE OWNED BY; Schema: public; Owner: postgres
--

ALTER SEQUENCE public.detalle_pedidos_id_detalle_seq OWNED BY public.detalle_pedidos.id_detalle;


--
-- TOC entry 253 (class 1259 OID 16704)
-- Name: django_admin_log; Type: TABLE; Schema: public; Owner: postgres
--

CREATE TABLE public.django_admin_log (
    id integer NOT NULL,
    action_time timestamp with time zone NOT NULL,
    object_id text,
    object_repr character varying(200) NOT NULL,
    action_flag smallint NOT NULL,
    change_message text NOT NULL,
    content_type_id integer,
    user_id integer NOT NULL,
    CONSTRAINT django_admin_log_action_flag_check CHECK ((action_flag >= 0))
);


ALTER TABLE public.django_admin_log OWNER TO postgres;

--
-- TOC entry 252 (class 1259 OID 16703)
-- Name: django_admin_log_id_seq; Type: SEQUENCE; Schema: public; Owner: postgres
--

ALTER TABLE public.django_admin_log ALTER COLUMN id ADD GENERATED BY DEFAULT AS IDENTITY (
    SEQUENCE NAME public.django_admin_log_id_seq
    START WITH 1
    INCREMENT BY 1
    NO MINVALUE
    NO MAXVALUE
    CACHE 1
);


--
-- TOC entry 239 (class 1259 OID 16574)
-- Name: django_content_type; Type: TABLE; Schema: public; Owner: postgres
--

CREATE TABLE public.django_content_type (
    id integer NOT NULL,
    app_label character varying(100) NOT NULL,
    model character varying(100) NOT NULL
);


ALTER TABLE public.django_content_type OWNER TO postgres;

--
-- TOC entry 238 (class 1259 OID 16573)
-- Name: django_content_type_id_seq; Type: SEQUENCE; Schema: public; Owner: postgres
--

ALTER TABLE public.django_content_type ALTER COLUMN id ADD GENERATED BY DEFAULT AS IDENTITY (
    SEQUENCE NAME public.django_content_type_id_seq
    START WITH 1
    INCREMENT BY 1
    NO MINVALUE
    NO MAXVALUE
    CACHE 1
);


--
-- TOC entry 237 (class 1259 OID 16562)
-- Name: django_migrations; Type: TABLE; Schema: public; Owner: postgres
--

CREATE TABLE public.django_migrations (
    id bigint NOT NULL,
    app character varying(255) NOT NULL,
    name character varying(255) NOT NULL,
    applied timestamp with time zone NOT NULL
);


ALTER TABLE public.django_migrations OWNER TO postgres;

--
-- TOC entry 236 (class 1259 OID 16561)
-- Name: django_migrations_id_seq; Type: SEQUENCE; Schema: public; Owner: postgres
--

ALTER TABLE public.django_migrations ALTER COLUMN id ADD GENERATED BY DEFAULT AS IDENTITY (
    SEQUENCE NAME public.django_migrations_id_seq
    START WITH 1
    INCREMENT BY 1
    NO MINVALUE
    NO MAXVALUE
    CACHE 1
);


--
-- TOC entry 254 (class 1259 OID 16744)
-- Name: django_session; Type: TABLE; Schema: public; Owner: postgres
--

CREATE TABLE public.django_session (
    session_key character varying(40) NOT NULL,
    session_data text NOT NULL,
    expire_date timestamp with time zone NOT NULL
);


ALTER TABLE public.django_session OWNER TO postgres;

--
-- TOC entry 232 (class 1259 OID 16516)
-- Name: insumos; Type: TABLE; Schema: public; Owner: postgres
--

CREATE TABLE public.insumos (
    id_insumo integer NOT NULL,
    nombre_insumo character varying(100) NOT NULL,
    unidad_medida character varying(20) NOT NULL,
    cantidad_disponible numeric(10,2) DEFAULT 0,
    punto_reorden numeric(10,2) NOT NULL
);


ALTER TABLE public.insumos OWNER TO postgres;

--
-- TOC entry 231 (class 1259 OID 16515)
-- Name: insumos_id_insumo_seq; Type: SEQUENCE; Schema: public; Owner: postgres
--

CREATE SEQUENCE public.insumos_id_insumo_seq
    AS integer
    START WITH 1
    INCREMENT BY 1
    NO MINVALUE
    NO MAXVALUE
    CACHE 1;


ALTER SEQUENCE public.insumos_id_insumo_seq OWNER TO postgres;

--
-- TOC entry 5249 (class 0 OID 0)
-- Dependencies: 231
-- Name: insumos_id_insumo_seq; Type: SEQUENCE OWNED BY; Schema: public; Owner: postgres
--

ALTER SEQUENCE public.insumos_id_insumo_seq OWNED BY public.insumos.id_insumo;


--
-- TOC entry 235 (class 1259 OID 16546)
-- Name: movimientos_inventario; Type: TABLE; Schema: public; Owner: postgres
--

CREATE TABLE public.movimientos_inventario (
    id_movimiento integer NOT NULL,
    id_insumo integer,
    tipo public.tipo_movimiento NOT NULL,
    cantidad numeric(10,2) NOT NULL,
    fecha timestamp without time zone DEFAULT CURRENT_TIMESTAMP,
    motivo character varying(255)
);


ALTER TABLE public.movimientos_inventario OWNER TO postgres;

--
-- TOC entry 234 (class 1259 OID 16545)
-- Name: movimientos_inventario_id_movimiento_seq; Type: SEQUENCE; Schema: public; Owner: postgres
--

CREATE SEQUENCE public.movimientos_inventario_id_movimiento_seq
    AS integer
    START WITH 1
    INCREMENT BY 1
    NO MINVALUE
    NO MAXVALUE
    CACHE 1;


ALTER SEQUENCE public.movimientos_inventario_id_movimiento_seq OWNER TO postgres;

--
-- TOC entry 5250 (class 0 OID 0)
-- Dependencies: 234
-- Name: movimientos_inventario_id_movimiento_seq; Type: SEQUENCE OWNED BY; Schema: public; Owner: postgres
--

ALTER SEQUENCE public.movimientos_inventario_id_movimiento_seq OWNED BY public.movimientos_inventario.id_movimiento;


--
-- TOC entry 230 (class 1259 OID 16497)
-- Name: pagos; Type: TABLE; Schema: public; Owner: postgres
--

CREATE TABLE public.pagos (
    id_pago integer NOT NULL,
    id_pedido integer,
    metodo_pago character varying(50) NOT NULL,
    estado_pago public.estado_pago DEFAULT 'Pendiente'::public.estado_pago,
    monto numeric(10,2) NOT NULL,
    transaccion_id character varying(100),
    fecha_pago timestamp without time zone DEFAULT CURRENT_TIMESTAMP
);


ALTER TABLE public.pagos OWNER TO postgres;

--
-- TOC entry 229 (class 1259 OID 16496)
-- Name: pagos_id_pago_seq; Type: SEQUENCE; Schema: public; Owner: postgres
--

CREATE SEQUENCE public.pagos_id_pago_seq
    AS integer
    START WITH 1
    INCREMENT BY 1
    NO MINVALUE
    NO MAXVALUE
    CACHE 1;


ALTER SEQUENCE public.pagos_id_pago_seq OWNER TO postgres;

--
-- TOC entry 5251 (class 0 OID 0)
-- Dependencies: 229
-- Name: pagos_id_pago_seq; Type: SEQUENCE OWNED BY; Schema: public; Owner: postgres
--

ALTER SEQUENCE public.pagos_id_pago_seq OWNED BY public.pagos.id_pago;


--
-- TOC entry 226 (class 1259 OID 16457)
-- Name: pedidos; Type: TABLE; Schema: public; Owner: postgres
--

CREATE TABLE public.pedidos (
    id_pedido integer NOT NULL,
    id_usuario integer,
    fecha_creacion timestamp without time zone DEFAULT CURRENT_TIMESTAMP,
    fecha_entrega timestamp without time zone NOT NULL,
    estado public.estado_pedido DEFAULT 'Pendiente'::public.estado_pedido,
    total numeric(10,2) DEFAULT 0.00
);


ALTER TABLE public.pedidos OWNER TO postgres;

--
-- TOC entry 225 (class 1259 OID 16456)
-- Name: pedidos_id_pedido_seq; Type: SEQUENCE; Schema: public; Owner: postgres
--

CREATE SEQUENCE public.pedidos_id_pedido_seq
    AS integer
    START WITH 1
    INCREMENT BY 1
    NO MINVALUE
    NO MAXVALUE
    CACHE 1;


ALTER SEQUENCE public.pedidos_id_pedido_seq OWNER TO postgres;

--
-- TOC entry 5252 (class 0 OID 0)
-- Dependencies: 225
-- Name: pedidos_id_pedido_seq; Type: SEQUENCE OWNED BY; Schema: public; Owner: postgres
--

ALTER SEQUENCE public.pedidos_id_pedido_seq OWNED BY public.pedidos.id_pedido;


--
-- TOC entry 224 (class 1259 OID 16438)
-- Name: productos; Type: TABLE; Schema: public; Owner: postgres
--

CREATE TABLE public.productos (
    id_producto integer NOT NULL,
    id_categoria integer,
    nombre character varying(100) NOT NULL,
    descripcion text,
    precio_base numeric(10,2) NOT NULL,
    imagen_url character varying(255),
    stock_actual integer DEFAULT 0,
    CONSTRAINT productos_precio_base_check CHECK ((precio_base >= (0)::numeric))
);


ALTER TABLE public.productos OWNER TO postgres;

--
-- TOC entry 223 (class 1259 OID 16437)
-- Name: productos_id_producto_seq; Type: SEQUENCE; Schema: public; Owner: postgres
--

CREATE SEQUENCE public.productos_id_producto_seq
    AS integer
    START WITH 1
    INCREMENT BY 1
    NO MINVALUE
    NO MAXVALUE
    CACHE 1;


ALTER SEQUENCE public.productos_id_producto_seq OWNER TO postgres;

--
-- TOC entry 5253 (class 0 OID 0)
-- Dependencies: 223
-- Name: productos_id_producto_seq; Type: SEQUENCE OWNED BY; Schema: public; Owner: postgres
--

ALTER SEQUENCE public.productos_id_producto_seq OWNED BY public.productos.id_producto;


--
-- TOC entry 233 (class 1259 OID 16527)
-- Name: recetas; Type: TABLE; Schema: public; Owner: postgres
--

CREATE TABLE public.recetas (
    id_producto integer NOT NULL,
    id_insumo integer NOT NULL,
    cantidad_requerida numeric(10,2) NOT NULL
);


ALTER TABLE public.recetas OWNER TO postgres;

--
-- TOC entry 220 (class 1259 OID 16412)
-- Name: usuarios; Type: TABLE; Schema: public; Owner: postgres
--

CREATE TABLE public.usuarios (
    id_usuario integer NOT NULL,
    nombre character varying(50) NOT NULL,
    apellido character varying(50) NOT NULL,
    email character varying(100) NOT NULL,
    password character varying(255) NOT NULL,
    telefono character varying(20),
    direccion text,
    fecha_registro timestamp without time zone DEFAULT CURRENT_TIMESTAMP
);


ALTER TABLE public.usuarios OWNER TO postgres;

--
-- TOC entry 219 (class 1259 OID 16411)
-- Name: usuarios_id_usuario_seq; Type: SEQUENCE; Schema: public; Owner: postgres
--

CREATE SEQUENCE public.usuarios_id_usuario_seq
    AS integer
    START WITH 1
    INCREMENT BY 1
    NO MINVALUE
    NO MAXVALUE
    CACHE 1;


ALTER SEQUENCE public.usuarios_id_usuario_seq OWNER TO postgres;

--
-- TOC entry 5254 (class 0 OID 0)
-- Dependencies: 219
-- Name: usuarios_id_usuario_seq; Type: SEQUENCE OWNED BY; Schema: public; Owner: postgres
--

ALTER SEQUENCE public.usuarios_id_usuario_seq OWNED BY public.usuarios.id_usuario;


--
-- TOC entry 4955 (class 2604 OID 16432)
-- Name: categorias id_categoria; Type: DEFAULT; Schema: public; Owner: postgres
--

ALTER TABLE ONLY public.categorias ALTER COLUMN id_categoria SET DEFAULT nextval('public.categorias_id_categoria_seq'::regclass);


--
-- TOC entry 4962 (class 2604 OID 16477)
-- Name: detalle_pedidos id_detalle; Type: DEFAULT; Schema: public; Owner: postgres
--

ALTER TABLE ONLY public.detalle_pedidos ALTER COLUMN id_detalle SET DEFAULT nextval('public.detalle_pedidos_id_detalle_seq'::regclass);


--
-- TOC entry 4966 (class 2604 OID 16519)
-- Name: insumos id_insumo; Type: DEFAULT; Schema: public; Owner: postgres
--

ALTER TABLE ONLY public.insumos ALTER COLUMN id_insumo SET DEFAULT nextval('public.insumos_id_insumo_seq'::regclass);


--
-- TOC entry 4968 (class 2604 OID 16549)
-- Name: movimientos_inventario id_movimiento; Type: DEFAULT; Schema: public; Owner: postgres
--

ALTER TABLE ONLY public.movimientos_inventario ALTER COLUMN id_movimiento SET DEFAULT nextval('public.movimientos_inventario_id_movimiento_seq'::regclass);


--
-- TOC entry 4963 (class 2604 OID 16500)
-- Name: pagos id_pago; Type: DEFAULT; Schema: public; Owner: postgres
--

ALTER TABLE ONLY public.pagos ALTER COLUMN id_pago SET DEFAULT nextval('public.pagos_id_pago_seq'::regclass);


--
-- TOC entry 4958 (class 2604 OID 16460)
-- Name: pedidos id_pedido; Type: DEFAULT; Schema: public; Owner: postgres
--

ALTER TABLE ONLY public.pedidos ALTER COLUMN id_pedido SET DEFAULT nextval('public.pedidos_id_pedido_seq'::regclass);


--
-- TOC entry 4956 (class 2604 OID 16441)
-- Name: productos id_producto; Type: DEFAULT; Schema: public; Owner: postgres
--

ALTER TABLE ONLY public.productos ALTER COLUMN id_producto SET DEFAULT nextval('public.productos_id_producto_seq'::regclass);


--
-- TOC entry 4953 (class 2604 OID 16415)
-- Name: usuarios id_usuario; Type: DEFAULT; Schema: public; Owner: postgres
--

ALTER TABLE ONLY public.usuarios ALTER COLUMN id_usuario SET DEFAULT nextval('public.usuarios_id_usuario_seq'::regclass);


--
-- TOC entry 5230 (class 0 OID 16596)
-- Dependencies: 243
-- Data for Name: auth_group; Type: TABLE DATA; Schema: public; Owner: postgres
--

COPY public.auth_group (id, name) FROM stdin;
\.


--
-- TOC entry 5232 (class 0 OID 16606)
-- Dependencies: 245
-- Data for Name: auth_group_permissions; Type: TABLE DATA; Schema: public; Owner: postgres
--

COPY public.auth_group_permissions (id, group_id, permission_id) FROM stdin;
\.


--
-- TOC entry 5228 (class 0 OID 16586)
-- Dependencies: 241
-- Data for Name: auth_permission; Type: TABLE DATA; Schema: public; Owner: postgres
--

COPY public.auth_permission (id, name, content_type_id, codename) FROM stdin;
1	Can add log entry	1	add_logentry
2	Can change log entry	1	change_logentry
3	Can delete log entry	1	delete_logentry
4	Can view log entry	1	view_logentry
5	Can add permission	3	add_permission
6	Can change permission	3	change_permission
7	Can delete permission	3	delete_permission
8	Can view permission	3	view_permission
9	Can add group	2	add_group
10	Can change group	2	change_group
11	Can delete group	2	delete_group
12	Can view group	2	view_group
13	Can add user	4	add_user
14	Can change user	4	change_user
15	Can delete user	4	delete_user
16	Can view user	4	view_user
17	Can add content type	5	add_contenttype
18	Can change content type	5	change_contenttype
19	Can delete content type	5	delete_contenttype
20	Can view content type	5	view_contenttype
21	Can add session	6	add_session
22	Can change session	6	change_session
23	Can delete session	6	delete_session
24	Can view session	6	view_session
\.


--
-- TOC entry 5234 (class 0 OID 16615)
-- Dependencies: 247
-- Data for Name: auth_user; Type: TABLE DATA; Schema: public; Owner: postgres
--

COPY public.auth_user (id, password, last_login, is_superuser, username, first_name, last_name, email, is_staff, is_active, date_joined) FROM stdin;
1	pbkdf2_sha256$1200000$mcKUMUqdA1akd10ol4q1pz$+Oe46tSN5mQ2rAa3Kw/2hHDoWyRB3cAg5T2iKmalrkI=	2026-05-27 14:17:13.778929-04	t	Victor			victorguillen110@gmail.com	t	t	2026-05-27 14:15:04.624154-04
\.


--
-- TOC entry 5236 (class 0 OID 16634)
-- Dependencies: 249
-- Data for Name: auth_user_groups; Type: TABLE DATA; Schema: public; Owner: postgres
--

COPY public.auth_user_groups (id, user_id, group_id) FROM stdin;
\.


--
-- TOC entry 5238 (class 0 OID 16643)
-- Dependencies: 251
-- Data for Name: auth_user_user_permissions; Type: TABLE DATA; Schema: public; Owner: postgres
--

COPY public.auth_user_user_permissions (id, user_id, permission_id) FROM stdin;
\.


--
-- TOC entry 5209 (class 0 OID 16429)
-- Dependencies: 222
-- Data for Name: categorias; Type: TABLE DATA; Schema: public; Owner: postgres
--

COPY public.categorias (id_categoria, nombre_categoria) FROM stdin;
1	Tortas de Cumpleaños
2	Galletas Artesanales
3	Cupcakes Temáticos
4	Panadería Dulce
5	Postres Fríos
6	Repostería Vegana
7	Bocaditos para Eventos
8	Tortas de Matrimonio
9	Kuchen y Tartas
10	Chocolatería
\.


--
-- TOC entry 5215 (class 0 OID 16474)
-- Dependencies: 228
-- Data for Name: detalle_pedidos; Type: TABLE DATA; Schema: public; Owner: postgres
--

COPY public.detalle_pedidos (id_detalle, id_pedido, id_producto, cantidad, subtotal, comentarios_personalizacion) FROM stdin;
1	1	1	1	25000.00	\N
2	2	2	2	16000.00	\N
3	3	4	1	3500.00	\N
4	4	5	1	32000.00	\N
5	5	3	1	12000.00	\N
6	6	2	1	8000.00	\N
7	7	10	1	18000.00	\N
8	8	8	1	9500.00	\N
9	9	6	1	15000.00	\N
10	10	9	1	150000.00	\N
\.


--
-- TOC entry 5240 (class 0 OID 16704)
-- Dependencies: 253
-- Data for Name: django_admin_log; Type: TABLE DATA; Schema: public; Owner: postgres
--

COPY public.django_admin_log (id, action_time, object_id, object_repr, action_flag, change_message, content_type_id, user_id) FROM stdin;
\.


--
-- TOC entry 5226 (class 0 OID 16574)
-- Dependencies: 239
-- Data for Name: django_content_type; Type: TABLE DATA; Schema: public; Owner: postgres
--

COPY public.django_content_type (id, app_label, model) FROM stdin;
1	admin	logentry
2	auth	group
3	auth	permission
4	auth	user
5	contenttypes	contenttype
6	sessions	session
\.


--
-- TOC entry 5224 (class 0 OID 16562)
-- Dependencies: 237
-- Data for Name: django_migrations; Type: TABLE DATA; Schema: public; Owner: postgres
--

COPY public.django_migrations (id, app, name, applied) FROM stdin;
1	contenttypes	0001_initial	2026-05-27 14:12:04.342383-04
2	auth	0001_initial	2026-05-27 14:12:04.428738-04
3	admin	0001_initial	2026-05-27 14:12:04.452862-04
4	admin	0002_logentry_remove_auto_add	2026-05-27 14:12:04.459599-04
5	admin	0003_logentry_add_action_flag_choices	2026-05-27 14:12:04.467143-04
6	contenttypes	0002_remove_content_type_name	2026-05-27 14:12:04.488532-04
7	auth	0002_alter_permission_name_max_length	2026-05-27 14:12:04.498782-04
8	auth	0003_alter_user_email_max_length	2026-05-27 14:12:04.505957-04
9	auth	0004_alter_user_username_opts	2026-05-27 14:12:04.513567-04
10	auth	0005_alter_user_last_login_null	2026-05-27 14:12:04.523255-04
11	auth	0006_require_contenttypes_0002	2026-05-27 14:12:04.52453-04
12	auth	0007_alter_validators_add_error_messages	2026-05-27 14:12:04.533724-04
13	auth	0008_alter_user_username_max_length	2026-05-27 14:12:04.551189-04
14	auth	0009_alter_user_last_name_max_length	2026-05-27 14:12:04.559136-04
15	auth	0010_alter_group_name_max_length	2026-05-27 14:12:04.567063-04
16	auth	0011_update_proxy_permissions	2026-05-27 14:12:04.572742-04
17	auth	0012_alter_user_first_name_max_length	2026-05-27 14:12:04.580411-04
18	sessions	0001_initial	2026-05-27 14:12:04.589894-04
\.


--
-- TOC entry 5241 (class 0 OID 16744)
-- Dependencies: 254
-- Data for Name: django_session; Type: TABLE DATA; Schema: public; Owner: postgres
--

COPY public.django_session (session_key, session_data, expire_date) FROM stdin;
efpfxfoumv1qsh1upgmw9w4m5u31bzpr	.eJxVjEEOwiAQRe_C2hAGylBcuvcMZICpVA0kpV0Z765NutDtf-_9lwi0rSVsnZcwZ3EWIE6_W6T04LqDfKd6azK1ui5zlLsiD9rltWV-Xg7376BQL9_aoE2KAaxTaSLnCd1A7J1B9pR8thowYjR-sgoRxjiA41Er1jmpbEm8P88zN3Q:1wSIob:Bm8uz-6buKktrLRCWjJb7owYbt_CMiTv8kaqhPpvj4c	2026-06-10 14:17:13.782726-04
\.


--
-- TOC entry 5219 (class 0 OID 16516)
-- Dependencies: 232
-- Data for Name: insumos; Type: TABLE DATA; Schema: public; Owner: postgres
--

COPY public.insumos (id_insumo, nombre_insumo, unidad_medida, cantidad_disponible, punto_reorden) FROM stdin;
1	Harina Flor	kg	50.00	10.00
2	Azúcar Granulada	kg	30.00	5.00
3	Huevos	unidades	120.00	24.00
4	Mantequilla	kg	15.00	3.00
5	Cacao en Polvo	kg	5.00	1.00
6	Crema de Leche	litros	20.00	4.00
7	Manjar	kg	10.00	2.00
8	Extracto de Vainilla	litros	2.00	0.50
9	Cerezas en Conserva	kg	8.00	1.50
10	Sal Fina	kg	5.00	0.50
\.


--
-- TOC entry 5222 (class 0 OID 16546)
-- Dependencies: 235
-- Data for Name: movimientos_inventario; Type: TABLE DATA; Schema: public; Owner: postgres
--

COPY public.movimientos_inventario (id_movimiento, id_insumo, tipo, cantidad, fecha, motivo) FROM stdin;
1	1	Entrada	100.00	2026-05-27 13:08:35.170448	Compra a distribuidor mayorista
2	3	Entrada	60.00	2026-05-27 13:08:35.170448	Reposición semanal granja
3	1	Salida	0.50	2026-05-27 13:08:35.170448	Producción Torta ID 1
4	2	Salida	1.00	2026-05-27 13:08:35.170448	Producción lote de galletas
5	4	Entrada	10.00	2026-05-27 13:08:35.170448	Compra emergencia supermercado
6	6	Salida	2.00	2026-05-27 13:08:35.170448	Mermas por vencimiento
7	7	Entrada	5.00	2026-05-27 13:08:35.170448	Stock inicial
8	10	Entrada	2.00	2026-05-27 13:08:35.170448	Stock inicial
9	5	Salida	0.50	2026-05-27 13:08:35.170448	Pruebas nueva receta
10	9	Salida	0.30	2026-05-27 13:08:35.170448	Producción pedido #1
\.


--
-- TOC entry 5217 (class 0 OID 16497)
-- Dependencies: 230
-- Data for Name: pagos; Type: TABLE DATA; Schema: public; Owner: postgres
--

COPY public.pagos (id_pago, id_pedido, metodo_pago, estado_pago, monto, transaccion_id, fecha_pago) FROM stdin;
1	1	Tarjeta	Aprobado	25000.00	TXN-001	2026-05-27 13:08:35.170448
2	2	Transferencia	Pendiente	16000.00	TXN-002	2026-05-27 13:08:35.170448
3	3	Tarjeta	Aprobado	3500.00	TXN-003	2026-05-27 13:08:35.170448
4	4	Efectivo	Pendiente	32000.00	TXN-004	2026-05-27 13:08:35.170448
5	5	Tarjeta	Aprobado	12000.00	TXN-005	2026-05-27 13:08:35.170448
6	6	Transferencia	Aprobado	8000.00	TXN-006	2026-05-27 13:08:35.170448
7	7	Tarjeta	Aprobado	18000.00	TXN-007	2026-05-27 13:08:35.170448
8	8	Tarjeta	Rechazado	9500.00	TXN-008	2026-05-27 13:08:35.170448
9	9	Transferencia	Pendiente	15000.00	TXN-009	2026-05-27 13:08:35.170448
10	10	Tarjeta	Aprobado	150000.00	TXN-010	2026-05-27 13:08:35.170448
\.


--
-- TOC entry 5213 (class 0 OID 16457)
-- Dependencies: 226
-- Data for Name: pedidos; Type: TABLE DATA; Schema: public; Owner: postgres
--

COPY public.pedidos (id_pedido, id_usuario, fecha_creacion, fecha_entrega, estado, total) FROM stdin;
1	1	2026-05-27 13:08:35.170448	2024-05-25 18:00:00	Pendiente	25000.00
2	2	2026-05-27 13:08:35.170448	2024-05-26 10:00:00	En preparación	16000.00
3	3	2026-05-27 13:08:35.170448	2024-05-24 15:00:00	Entregado	3500.00
4	4	2026-05-27 13:08:35.170448	2024-05-27 12:00:00	Pendiente	32000.00
5	5	2026-05-27 13:08:35.170448	2024-05-25 09:00:00	En preparación	12000.00
6	6	2026-05-27 13:08:35.170448	2024-05-28 17:00:00	Pendiente	8000.00
7	1	2026-05-27 13:08:35.170448	2024-05-29 11:00:00	Pendiente	18000.00
8	8	2026-05-27 13:08:35.170448	2024-05-30 20:00:00	Cancelado	9500.00
9	9	2026-05-27 13:08:35.170448	2024-05-24 19:00:00	En preparación	15000.00
10	10	2026-05-27 13:08:35.170448	2024-06-05 14:00:00	Pendiente	150000.00
\.


--
-- TOC entry 5211 (class 0 OID 16438)
-- Dependencies: 224
-- Data for Name: productos; Type: TABLE DATA; Schema: public; Owner: postgres
--

COPY public.productos (id_producto, id_categoria, nombre, descripcion, precio_base, imagen_url, stock_actual) FROM stdin;
1	1	Torta Selva Negra	Bizcocho de chocolate, crema y cerezas	25000.00	\N	5
2	2	Galletas Chips Chocolate	Pack de 12 galletas crujientes	8000.00	\N	20
3	3	Cupcake Red Velvet	Pack de 6 con frosting de queso crema	12000.00	\N	15
4	5	Mousse de Maracuyá	Postre individual cítrico	3500.00	\N	10
5	1	Torta Pompadour	Hojarasca, manjar y crema de almendras	32000.00	\N	3
6	9	Kuchen de Manzana	Receta alemana tradicional	15000.00	\N	8
7	6	Brownie Vegano	Chocolate 70% cacao sin lácteos	2500.00	\N	25
8	10	Bombones de Avellana	Caja de 10 bombones artesanales	9500.00	\N	12
9	8	Torta Nupcial Blanca	Torta de 3 pisos con fondant	150000.00	\N	1
10	7	Mini Donas Mixtas	Caja de 24 mini donas decoradas	18000.00	\N	6
\.


--
-- TOC entry 5220 (class 0 OID 16527)
-- Dependencies: 233
-- Data for Name: recetas; Type: TABLE DATA; Schema: public; Owner: postgres
--

COPY public.recetas (id_producto, id_insumo, cantidad_requerida) FROM stdin;
1	1	0.50
1	3	4.00
1	9	0.30
2	1	0.20
2	2	0.10
2	5	0.05
3	1	0.15
3	8	0.01
7	5	0.10
7	2	0.05
\.


--
-- TOC entry 5207 (class 0 OID 16412)
-- Dependencies: 220
-- Data for Name: usuarios; Type: TABLE DATA; Schema: public; Owner: postgres
--

COPY public.usuarios (id_usuario, nombre, apellido, email, password, telefono, direccion, fecha_registro) FROM stdin;
1	Juan	Pérez	juan.perez@email.com	hash123	912345678	Av. Siempre Viva 123	2026-05-27 13:08:35.170448
2	María	García	m.garcia@email.com	hash123	987654321	Calle Falsa 456	2026-05-27 13:08:35.170448
3	Carlos	Soto	c.soto@email.com	hash123	955443322	Pasaje Los Olivos 789	2026-05-27 13:08:35.170448
4	Ana	López	a.lopez@email.com	hash123	911223344	Av. Matta 1010	2026-05-27 13:08:35.170448
5	Diego	Ruiz	d.ruiz@email.com	hash123	966778899	Calle del Sol 22	2026-05-27 13:08:35.170448
6	Laura	Torres	l.torres@email.com	hash123	933445566	Camino Real 505	2026-05-27 13:08:35.170448
7	Pedro	Ramírez	p.ramirez@email.com	hash123	922881177	Plaza Italia 12	2026-05-27 13:08:35.170448
8	Elena	Castro	e.castro@email.com	hash123	999001122	Ruta 5 Sur Km 20	2026-05-27 13:08:35.170448
9	Javier	Morales	j.morales@email.com	hash123	944556677	Población Central 4	2026-05-27 13:08:35.170448
10	Lucía	Vargas	l.vargas@email.com	hash123	977889900	Condominio Las Lilas 8	2026-05-27 13:08:35.170448
\.


--
-- TOC entry 5255 (class 0 OID 0)
-- Dependencies: 242
-- Name: auth_group_id_seq; Type: SEQUENCE SET; Schema: public; Owner: postgres
--

SELECT pg_catalog.setval('public.auth_group_id_seq', 1, false);


--
-- TOC entry 5256 (class 0 OID 0)
-- Dependencies: 244
-- Name: auth_group_permissions_id_seq; Type: SEQUENCE SET; Schema: public; Owner: postgres
--

SELECT pg_catalog.setval('public.auth_group_permissions_id_seq', 1, false);


--
-- TOC entry 5257 (class 0 OID 0)
-- Dependencies: 240
-- Name: auth_permission_id_seq; Type: SEQUENCE SET; Schema: public; Owner: postgres
--

SELECT pg_catalog.setval('public.auth_permission_id_seq', 24, true);


--
-- TOC entry 5258 (class 0 OID 0)
-- Dependencies: 248
-- Name: auth_user_groups_id_seq; Type: SEQUENCE SET; Schema: public; Owner: postgres
--

SELECT pg_catalog.setval('public.auth_user_groups_id_seq', 1, false);


--
-- TOC entry 5259 (class 0 OID 0)
-- Dependencies: 246
-- Name: auth_user_id_seq; Type: SEQUENCE SET; Schema: public; Owner: postgres
--

SELECT pg_catalog.setval('public.auth_user_id_seq', 1, true);


--
-- TOC entry 5260 (class 0 OID 0)
-- Dependencies: 250
-- Name: auth_user_user_permissions_id_seq; Type: SEQUENCE SET; Schema: public; Owner: postgres
--

SELECT pg_catalog.setval('public.auth_user_user_permissions_id_seq', 1, false);


--
-- TOC entry 5261 (class 0 OID 0)
-- Dependencies: 221
-- Name: categorias_id_categoria_seq; Type: SEQUENCE SET; Schema: public; Owner: postgres
--

SELECT pg_catalog.setval('public.categorias_id_categoria_seq', 10, true);


--
-- TOC entry 5262 (class 0 OID 0)
-- Dependencies: 227
-- Name: detalle_pedidos_id_detalle_seq; Type: SEQUENCE SET; Schema: public; Owner: postgres
--

SELECT pg_catalog.setval('public.detalle_pedidos_id_detalle_seq', 10, true);


--
-- TOC entry 5263 (class 0 OID 0)
-- Dependencies: 252
-- Name: django_admin_log_id_seq; Type: SEQUENCE SET; Schema: public; Owner: postgres
--

SELECT pg_catalog.setval('public.django_admin_log_id_seq', 1, false);


--
-- TOC entry 5264 (class 0 OID 0)
-- Dependencies: 238
-- Name: django_content_type_id_seq; Type: SEQUENCE SET; Schema: public; Owner: postgres
--

SELECT pg_catalog.setval('public.django_content_type_id_seq', 6, true);


--
-- TOC entry 5265 (class 0 OID 0)
-- Dependencies: 236
-- Name: django_migrations_id_seq; Type: SEQUENCE SET; Schema: public; Owner: postgres
--

SELECT pg_catalog.setval('public.django_migrations_id_seq', 18, true);


--
-- TOC entry 5266 (class 0 OID 0)
-- Dependencies: 231
-- Name: insumos_id_insumo_seq; Type: SEQUENCE SET; Schema: public; Owner: postgres
--

SELECT pg_catalog.setval('public.insumos_id_insumo_seq', 10, true);


--
-- TOC entry 5267 (class 0 OID 0)
-- Dependencies: 234
-- Name: movimientos_inventario_id_movimiento_seq; Type: SEQUENCE SET; Schema: public; Owner: postgres
--

SELECT pg_catalog.setval('public.movimientos_inventario_id_movimiento_seq', 10, true);


--
-- TOC entry 5268 (class 0 OID 0)
-- Dependencies: 229
-- Name: pagos_id_pago_seq; Type: SEQUENCE SET; Schema: public; Owner: postgres
--

SELECT pg_catalog.setval('public.pagos_id_pago_seq', 10, true);


--
-- TOC entry 5269 (class 0 OID 0)
-- Dependencies: 225
-- Name: pedidos_id_pedido_seq; Type: SEQUENCE SET; Schema: public; Owner: postgres
--

SELECT pg_catalog.setval('public.pedidos_id_pedido_seq', 10, true);


--
-- TOC entry 5270 (class 0 OID 0)
-- Dependencies: 223
-- Name: productos_id_producto_seq; Type: SEQUENCE SET; Schema: public; Owner: postgres
--

SELECT pg_catalog.setval('public.productos_id_producto_seq', 10, true);


--
-- TOC entry 5271 (class 0 OID 0)
-- Dependencies: 219
-- Name: usuarios_id_usuario_seq; Type: SEQUENCE SET; Schema: public; Owner: postgres
--

SELECT pg_catalog.setval('public.usuarios_id_usuario_seq', 11, true);


--
-- TOC entry 5008 (class 2606 OID 16740)
-- Name: auth_group auth_group_name_key; Type: CONSTRAINT; Schema: public; Owner: postgres
--

ALTER TABLE ONLY public.auth_group
    ADD CONSTRAINT auth_group_name_key UNIQUE (name);


--
-- TOC entry 5013 (class 2606 OID 16661)
-- Name: auth_group_permissions auth_group_permissions_group_id_permission_id_0cd325b0_uniq; Type: CONSTRAINT; Schema: public; Owner: postgres
--

ALTER TABLE ONLY public.auth_group_permissions
    ADD CONSTRAINT auth_group_permissions_group_id_permission_id_0cd325b0_uniq UNIQUE (group_id, permission_id);


--
-- TOC entry 5016 (class 2606 OID 16613)
-- Name: auth_group_permissions auth_group_permissions_pkey; Type: CONSTRAINT; Schema: public; Owner: postgres
--

ALTER TABLE ONLY public.auth_group_permissions
    ADD CONSTRAINT auth_group_permissions_pkey PRIMARY KEY (id);


--
-- TOC entry 5010 (class 2606 OID 16602)
-- Name: auth_group auth_group_pkey; Type: CONSTRAINT; Schema: public; Owner: postgres
--

ALTER TABLE ONLY public.auth_group
    ADD CONSTRAINT auth_group_pkey PRIMARY KEY (id);


--
-- TOC entry 5003 (class 2606 OID 16652)
-- Name: auth_permission auth_permission_content_type_id_codename_01ab375a_uniq; Type: CONSTRAINT; Schema: public; Owner: postgres
--

ALTER TABLE ONLY public.auth_permission
    ADD CONSTRAINT auth_permission_content_type_id_codename_01ab375a_uniq UNIQUE (content_type_id, codename);


--
-- TOC entry 5005 (class 2606 OID 16594)
-- Name: auth_permission auth_permission_pkey; Type: CONSTRAINT; Schema: public; Owner: postgres
--

ALTER TABLE ONLY public.auth_permission
    ADD CONSTRAINT auth_permission_pkey PRIMARY KEY (id);


--
-- TOC entry 5024 (class 2606 OID 16641)
-- Name: auth_user_groups auth_user_groups_pkey; Type: CONSTRAINT; Schema: public; Owner: postgres
--

ALTER TABLE ONLY public.auth_user_groups
    ADD CONSTRAINT auth_user_groups_pkey PRIMARY KEY (id);


--
-- TOC entry 5027 (class 2606 OID 16676)
-- Name: auth_user_groups auth_user_groups_user_id_group_id_94350c0c_uniq; Type: CONSTRAINT; Schema: public; Owner: postgres
--

ALTER TABLE ONLY public.auth_user_groups
    ADD CONSTRAINT auth_user_groups_user_id_group_id_94350c0c_uniq UNIQUE (user_id, group_id);


--
-- TOC entry 5018 (class 2606 OID 16630)
-- Name: auth_user auth_user_pkey; Type: CONSTRAINT; Schema: public; Owner: postgres
--

ALTER TABLE ONLY public.auth_user
    ADD CONSTRAINT auth_user_pkey PRIMARY KEY (id);


--
-- TOC entry 5030 (class 2606 OID 16650)
-- Name: auth_user_user_permissions auth_user_user_permissions_pkey; Type: CONSTRAINT; Schema: public; Owner: postgres
--

ALTER TABLE ONLY public.auth_user_user_permissions
    ADD CONSTRAINT auth_user_user_permissions_pkey PRIMARY KEY (id);


--
-- TOC entry 5033 (class 2606 OID 16690)
-- Name: auth_user_user_permissions auth_user_user_permissions_user_id_permission_id_14a6b632_uniq; Type: CONSTRAINT; Schema: public; Owner: postgres
--

ALTER TABLE ONLY public.auth_user_user_permissions
    ADD CONSTRAINT auth_user_user_permissions_user_id_permission_id_14a6b632_uniq UNIQUE (user_id, permission_id);


--
-- TOC entry 5021 (class 2606 OID 16733)
-- Name: auth_user auth_user_username_key; Type: CONSTRAINT; Schema: public; Owner: postgres
--

ALTER TABLE ONLY public.auth_user
    ADD CONSTRAINT auth_user_username_key UNIQUE (username);


--
-- TOC entry 4978 (class 2606 OID 16436)
-- Name: categorias categorias_pkey; Type: CONSTRAINT; Schema: public; Owner: postgres
--

ALTER TABLE ONLY public.categorias
    ADD CONSTRAINT categorias_pkey PRIMARY KEY (id_categoria);


--
-- TOC entry 4984 (class 2606 OID 16485)
-- Name: detalle_pedidos detalle_pedidos_pkey; Type: CONSTRAINT; Schema: public; Owner: postgres
--

ALTER TABLE ONLY public.detalle_pedidos
    ADD CONSTRAINT detalle_pedidos_pkey PRIMARY KEY (id_detalle);


--
-- TOC entry 5036 (class 2606 OID 16717)
-- Name: django_admin_log django_admin_log_pkey; Type: CONSTRAINT; Schema: public; Owner: postgres
--

ALTER TABLE ONLY public.django_admin_log
    ADD CONSTRAINT django_admin_log_pkey PRIMARY KEY (id);


--
-- TOC entry 4998 (class 2606 OID 16584)
-- Name: django_content_type django_content_type_app_label_model_76bd3d3b_uniq; Type: CONSTRAINT; Schema: public; Owner: postgres
--

ALTER TABLE ONLY public.django_content_type
    ADD CONSTRAINT django_content_type_app_label_model_76bd3d3b_uniq UNIQUE (app_label, model);


--
-- TOC entry 5000 (class 2606 OID 16582)
-- Name: django_content_type django_content_type_pkey; Type: CONSTRAINT; Schema: public; Owner: postgres
--

ALTER TABLE ONLY public.django_content_type
    ADD CONSTRAINT django_content_type_pkey PRIMARY KEY (id);


--
-- TOC entry 4996 (class 2606 OID 16572)
-- Name: django_migrations django_migrations_pkey; Type: CONSTRAINT; Schema: public; Owner: postgres
--

ALTER TABLE ONLY public.django_migrations
    ADD CONSTRAINT django_migrations_pkey PRIMARY KEY (id);


--
-- TOC entry 5040 (class 2606 OID 16753)
-- Name: django_session django_session_pkey; Type: CONSTRAINT; Schema: public; Owner: postgres
--

ALTER TABLE ONLY public.django_session
    ADD CONSTRAINT django_session_pkey PRIMARY KEY (session_key);


--
-- TOC entry 4990 (class 2606 OID 16526)
-- Name: insumos insumos_pkey; Type: CONSTRAINT; Schema: public; Owner: postgres
--

ALTER TABLE ONLY public.insumos
    ADD CONSTRAINT insumos_pkey PRIMARY KEY (id_insumo);


--
-- TOC entry 4994 (class 2606 OID 16555)
-- Name: movimientos_inventario movimientos_inventario_pkey; Type: CONSTRAINT; Schema: public; Owner: postgres
--

ALTER TABLE ONLY public.movimientos_inventario
    ADD CONSTRAINT movimientos_inventario_pkey PRIMARY KEY (id_movimiento);


--
-- TOC entry 4986 (class 2606 OID 16507)
-- Name: pagos pagos_pkey; Type: CONSTRAINT; Schema: public; Owner: postgres
--

ALTER TABLE ONLY public.pagos
    ADD CONSTRAINT pagos_pkey PRIMARY KEY (id_pago);


--
-- TOC entry 4988 (class 2606 OID 16509)
-- Name: pagos pagos_transaccion_id_key; Type: CONSTRAINT; Schema: public; Owner: postgres
--

ALTER TABLE ONLY public.pagos
    ADD CONSTRAINT pagos_transaccion_id_key UNIQUE (transaccion_id);


--
-- TOC entry 4982 (class 2606 OID 16467)
-- Name: pedidos pedidos_pkey; Type: CONSTRAINT; Schema: public; Owner: postgres
--

ALTER TABLE ONLY public.pedidos
    ADD CONSTRAINT pedidos_pkey PRIMARY KEY (id_pedido);


--
-- TOC entry 4980 (class 2606 OID 16450)
-- Name: productos productos_pkey; Type: CONSTRAINT; Schema: public; Owner: postgres
--

ALTER TABLE ONLY public.productos
    ADD CONSTRAINT productos_pkey PRIMARY KEY (id_producto);


--
-- TOC entry 4992 (class 2606 OID 16534)
-- Name: recetas recetas_pkey; Type: CONSTRAINT; Schema: public; Owner: postgres
--

ALTER TABLE ONLY public.recetas
    ADD CONSTRAINT recetas_pkey PRIMARY KEY (id_producto, id_insumo);


--
-- TOC entry 4974 (class 2606 OID 16427)
-- Name: usuarios usuarios_email_key; Type: CONSTRAINT; Schema: public; Owner: postgres
--

ALTER TABLE ONLY public.usuarios
    ADD CONSTRAINT usuarios_email_key UNIQUE (email);


--
-- TOC entry 4976 (class 2606 OID 16425)
-- Name: usuarios usuarios_pkey; Type: CONSTRAINT; Schema: public; Owner: postgres
--

ALTER TABLE ONLY public.usuarios
    ADD CONSTRAINT usuarios_pkey PRIMARY KEY (id_usuario);


--
-- TOC entry 5006 (class 1259 OID 16741)
-- Name: auth_group_name_a6ea08ec_like; Type: INDEX; Schema: public; Owner: postgres
--

CREATE INDEX auth_group_name_a6ea08ec_like ON public.auth_group USING btree (name varchar_pattern_ops);


--
-- TOC entry 5011 (class 1259 OID 16672)
-- Name: auth_group_permissions_group_id_b120cbf9; Type: INDEX; Schema: public; Owner: postgres
--

CREATE INDEX auth_group_permissions_group_id_b120cbf9 ON public.auth_group_permissions USING btree (group_id);


--
-- TOC entry 5014 (class 1259 OID 16673)
-- Name: auth_group_permissions_permission_id_84c5c92e; Type: INDEX; Schema: public; Owner: postgres
--

CREATE INDEX auth_group_permissions_permission_id_84c5c92e ON public.auth_group_permissions USING btree (permission_id);


--
-- TOC entry 5001 (class 1259 OID 16658)
-- Name: auth_permission_content_type_id_2f476e4b; Type: INDEX; Schema: public; Owner: postgres
--

CREATE INDEX auth_permission_content_type_id_2f476e4b ON public.auth_permission USING btree (content_type_id);


--
-- TOC entry 5022 (class 1259 OID 16688)
-- Name: auth_user_groups_group_id_97559544; Type: INDEX; Schema: public; Owner: postgres
--

CREATE INDEX auth_user_groups_group_id_97559544 ON public.auth_user_groups USING btree (group_id);


--
-- TOC entry 5025 (class 1259 OID 16687)
-- Name: auth_user_groups_user_id_6a12ed8b; Type: INDEX; Schema: public; Owner: postgres
--

CREATE INDEX auth_user_groups_user_id_6a12ed8b ON public.auth_user_groups USING btree (user_id);


--
-- TOC entry 5028 (class 1259 OID 16702)
-- Name: auth_user_user_permissions_permission_id_1fbb5f2c; Type: INDEX; Schema: public; Owner: postgres
--

CREATE INDEX auth_user_user_permissions_permission_id_1fbb5f2c ON public.auth_user_user_permissions USING btree (permission_id);


--
-- TOC entry 5031 (class 1259 OID 16701)
-- Name: auth_user_user_permissions_user_id_a95ead1b; Type: INDEX; Schema: public; Owner: postgres
--

CREATE INDEX auth_user_user_permissions_user_id_a95ead1b ON public.auth_user_user_permissions USING btree (user_id);


--
-- TOC entry 5019 (class 1259 OID 16734)
-- Name: auth_user_username_6821ab7c_like; Type: INDEX; Schema: public; Owner: postgres
--

CREATE INDEX auth_user_username_6821ab7c_like ON public.auth_user USING btree (username varchar_pattern_ops);


--
-- TOC entry 5034 (class 1259 OID 16728)
-- Name: django_admin_log_content_type_id_c4bce8eb; Type: INDEX; Schema: public; Owner: postgres
--

CREATE INDEX django_admin_log_content_type_id_c4bce8eb ON public.django_admin_log USING btree (content_type_id);


--
-- TOC entry 5037 (class 1259 OID 16729)
-- Name: django_admin_log_user_id_c564eba6; Type: INDEX; Schema: public; Owner: postgres
--

CREATE INDEX django_admin_log_user_id_c564eba6 ON public.django_admin_log USING btree (user_id);


--
-- TOC entry 5038 (class 1259 OID 16755)
-- Name: django_session_expire_date_a5c62663; Type: INDEX; Schema: public; Owner: postgres
--

CREATE INDEX django_session_expire_date_a5c62663 ON public.django_session USING btree (expire_date);


--
-- TOC entry 5041 (class 1259 OID 16754)
-- Name: django_session_session_key_c0390e0f_like; Type: INDEX; Schema: public; Owner: postgres
--

CREATE INDEX django_session_session_key_c0390e0f_like ON public.django_session USING btree (session_key varchar_pattern_ops);


--
-- TOC entry 5051 (class 2606 OID 16667)
-- Name: auth_group_permissions auth_group_permissio_permission_id_84c5c92e_fk_auth_perm; Type: FK CONSTRAINT; Schema: public; Owner: postgres
--

ALTER TABLE ONLY public.auth_group_permissions
    ADD CONSTRAINT auth_group_permissio_permission_id_84c5c92e_fk_auth_perm FOREIGN KEY (permission_id) REFERENCES public.auth_permission(id) DEFERRABLE INITIALLY DEFERRED;


--
-- TOC entry 5052 (class 2606 OID 16662)
-- Name: auth_group_permissions auth_group_permissions_group_id_b120cbf9_fk_auth_group_id; Type: FK CONSTRAINT; Schema: public; Owner: postgres
--

ALTER TABLE ONLY public.auth_group_permissions
    ADD CONSTRAINT auth_group_permissions_group_id_b120cbf9_fk_auth_group_id FOREIGN KEY (group_id) REFERENCES public.auth_group(id) DEFERRABLE INITIALLY DEFERRED;


--
-- TOC entry 5050 (class 2606 OID 16653)
-- Name: auth_permission auth_permission_content_type_id_2f476e4b_fk_django_co; Type: FK CONSTRAINT; Schema: public; Owner: postgres
--

ALTER TABLE ONLY public.auth_permission
    ADD CONSTRAINT auth_permission_content_type_id_2f476e4b_fk_django_co FOREIGN KEY (content_type_id) REFERENCES public.django_content_type(id) DEFERRABLE INITIALLY DEFERRED;


--
-- TOC entry 5053 (class 2606 OID 16682)
-- Name: auth_user_groups auth_user_groups_group_id_97559544_fk_auth_group_id; Type: FK CONSTRAINT; Schema: public; Owner: postgres
--

ALTER TABLE ONLY public.auth_user_groups
    ADD CONSTRAINT auth_user_groups_group_id_97559544_fk_auth_group_id FOREIGN KEY (group_id) REFERENCES public.auth_group(id) DEFERRABLE INITIALLY DEFERRED;


--
-- TOC entry 5054 (class 2606 OID 16677)
-- Name: auth_user_groups auth_user_groups_user_id_6a12ed8b_fk_auth_user_id; Type: FK CONSTRAINT; Schema: public; Owner: postgres
--

ALTER TABLE ONLY public.auth_user_groups
    ADD CONSTRAINT auth_user_groups_user_id_6a12ed8b_fk_auth_user_id FOREIGN KEY (user_id) REFERENCES public.auth_user(id) DEFERRABLE INITIALLY DEFERRED;


--
-- TOC entry 5055 (class 2606 OID 16696)
-- Name: auth_user_user_permissions auth_user_user_permi_permission_id_1fbb5f2c_fk_auth_perm; Type: FK CONSTRAINT; Schema: public; Owner: postgres
--

ALTER TABLE ONLY public.auth_user_user_permissions
    ADD CONSTRAINT auth_user_user_permi_permission_id_1fbb5f2c_fk_auth_perm FOREIGN KEY (permission_id) REFERENCES public.auth_permission(id) DEFERRABLE INITIALLY DEFERRED;


--
-- TOC entry 5056 (class 2606 OID 16691)
-- Name: auth_user_user_permissions auth_user_user_permissions_user_id_a95ead1b_fk_auth_user_id; Type: FK CONSTRAINT; Schema: public; Owner: postgres
--

ALTER TABLE ONLY public.auth_user_user_permissions
    ADD CONSTRAINT auth_user_user_permissions_user_id_a95ead1b_fk_auth_user_id FOREIGN KEY (user_id) REFERENCES public.auth_user(id) DEFERRABLE INITIALLY DEFERRED;


--
-- TOC entry 5044 (class 2606 OID 16486)
-- Name: detalle_pedidos detalle_pedidos_id_pedido_fkey; Type: FK CONSTRAINT; Schema: public; Owner: postgres
--

ALTER TABLE ONLY public.detalle_pedidos
    ADD CONSTRAINT detalle_pedidos_id_pedido_fkey FOREIGN KEY (id_pedido) REFERENCES public.pedidos(id_pedido) ON DELETE CASCADE;


--
-- TOC entry 5045 (class 2606 OID 16491)
-- Name: detalle_pedidos detalle_pedidos_id_producto_fkey; Type: FK CONSTRAINT; Schema: public; Owner: postgres
--

ALTER TABLE ONLY public.detalle_pedidos
    ADD CONSTRAINT detalle_pedidos_id_producto_fkey FOREIGN KEY (id_producto) REFERENCES public.productos(id_producto);


--
-- TOC entry 5057 (class 2606 OID 16718)
-- Name: django_admin_log django_admin_log_content_type_id_c4bce8eb_fk_django_co; Type: FK CONSTRAINT; Schema: public; Owner: postgres
--

ALTER TABLE ONLY public.django_admin_log
    ADD CONSTRAINT django_admin_log_content_type_id_c4bce8eb_fk_django_co FOREIGN KEY (content_type_id) REFERENCES public.django_content_type(id) DEFERRABLE INITIALLY DEFERRED;


--
-- TOC entry 5058 (class 2606 OID 16723)
-- Name: django_admin_log django_admin_log_user_id_c564eba6_fk_auth_user_id; Type: FK CONSTRAINT; Schema: public; Owner: postgres
--

ALTER TABLE ONLY public.django_admin_log
    ADD CONSTRAINT django_admin_log_user_id_c564eba6_fk_auth_user_id FOREIGN KEY (user_id) REFERENCES public.auth_user(id) DEFERRABLE INITIALLY DEFERRED;


--
-- TOC entry 5049 (class 2606 OID 16556)
-- Name: movimientos_inventario movimientos_inventario_id_insumo_fkey; Type: FK CONSTRAINT; Schema: public; Owner: postgres
--

ALTER TABLE ONLY public.movimientos_inventario
    ADD CONSTRAINT movimientos_inventario_id_insumo_fkey FOREIGN KEY (id_insumo) REFERENCES public.insumos(id_insumo) ON DELETE CASCADE;


--
-- TOC entry 5046 (class 2606 OID 16510)
-- Name: pagos pagos_id_pedido_fkey; Type: FK CONSTRAINT; Schema: public; Owner: postgres
--

ALTER TABLE ONLY public.pagos
    ADD CONSTRAINT pagos_id_pedido_fkey FOREIGN KEY (id_pedido) REFERENCES public.pedidos(id_pedido) ON DELETE CASCADE;


--
-- TOC entry 5043 (class 2606 OID 16468)
-- Name: pedidos pedidos_id_usuario_fkey; Type: FK CONSTRAINT; Schema: public; Owner: postgres
--

ALTER TABLE ONLY public.pedidos
    ADD CONSTRAINT pedidos_id_usuario_fkey FOREIGN KEY (id_usuario) REFERENCES public.usuarios(id_usuario) ON DELETE CASCADE;


--
-- TOC entry 5042 (class 2606 OID 16451)
-- Name: productos productos_id_categoria_fkey; Type: FK CONSTRAINT; Schema: public; Owner: postgres
--

ALTER TABLE ONLY public.productos
    ADD CONSTRAINT productos_id_categoria_fkey FOREIGN KEY (id_categoria) REFERENCES public.categorias(id_categoria) ON DELETE SET NULL;


--
-- TOC entry 5047 (class 2606 OID 16540)
-- Name: recetas recetas_id_insumo_fkey; Type: FK CONSTRAINT; Schema: public; Owner: postgres
--

ALTER TABLE ONLY public.recetas
    ADD CONSTRAINT recetas_id_insumo_fkey FOREIGN KEY (id_insumo) REFERENCES public.insumos(id_insumo) ON DELETE CASCADE;


--
-- TOC entry 5048 (class 2606 OID 16535)
-- Name: recetas recetas_id_producto_fkey; Type: FK CONSTRAINT; Schema: public; Owner: postgres
--

ALTER TABLE ONLY public.recetas
    ADD CONSTRAINT recetas_id_producto_fkey FOREIGN KEY (id_producto) REFERENCES public.productos(id_producto) ON DELETE CASCADE;


-- Completed on 2026-05-27 14:30:27

--
-- PostgreSQL database dump complete
--

\unrestrict Mo0vHc95WwhVkpeDaKFWPGQCAhAZEYLojWz7yU3MJNFKOuiVn8beITVe0z4Glen

